{
  "metrics": {
    "data_sent": {
      "type": "counter",
      "contains": "data",
      "values": {
        "count": 14183934,
        "rate": 35926.957471700094
      }
    },
    "http_req_sending": {
      "contains": "time",
      "values": {
        "med": 0,
        "max": 14.7664,
        "p(90)": 0,
        "p(95)": 0.5882,
        "avg": 0.07013885266437518,
        "min": 0
      },
      "type": "trend"
    },
    "http_req_waiting": {
      "type": "trend",
      "contains": "time",
      "values": {
        "min": 0,
        "med": 0,
        "max": 60017.3581,
        "p(90)": 16567.06662,
        "p(95)": 27033.82668,
        "avg": 4962.181195872534
      }
    },
    "checks": {
      "type": "rate",
      "contains": "default",
      "values": {
        "rate": 0.3950149359200848,
        "passes": 12298,
        "fails": 18835
      }
    },
    "http_reqs": {
      "type": "counter",
      "contains": "default",
      "values": {
        "count": 31133,
        "rate": 78.85780961519131
      }
    },
    "http_req_receiving": {
      "type": "trend",
      "contains": "time",
      "values": {
        "avg": 1914.8242423601898,
        "min": 0,
        "med": 0,
        "max": 59569.2452,
        "p(90)": 3825.5466399999927,
        "p(95)": 15471.372359999987
      }
    },
    "data_received": {
      "type": "counter",
      "contains": "data",
      "values": {
        "count": 196319126,
        "rate": 497263.23392955237
      }
    },
    "http_req_blocked": {
      "values": {
        "p(90)": 8503.191579999995,
        "p(95)": 20348.38959999999,
        "avg": 2699.8845306459407,
        "min": 0,
        "med": 0,
        "max": 59778.5218
      },
      "type": "trend",
      "contains": "time"
    },
    "http_req_tls_handshaking": {
      "type": "trend",
      "contains": "time",
      "values": {
        "p(90)": 4338.8180999999895,
        "p(95)": 13191.665459999993,
        "avg": 2056.472392615555,
        "min": 0,
        "med": 0,
        "max": 59457.3761
      }
    },
    "http_req_failed": {
      "thresholds": {
        "rate<0.5": {
          "ok": false
        }
      },
      "type": "rate",
      "contains": "default",
      "values": {
        "rate": 0.6049850640799153,
        "passes": 18835,
        "fails": 12298
      }
    },
    "vus": {
      "type": "gauge",
      "contains": "default",
      "values": {
        "max": 3000,
        "value": 5,
        "min": 5
      }
    },
    "iteration_duration": {
      "contains": "time",
      "values": {
        "avg": 21856.31493230841,
        "min": 529.6119,
        "med": 21608.8791,
        "max": 61011.9114,
        "p(90)": 49431.20582,
        "p(95)": 60539.29039
      },
      "type": "trend"
    },
    "iterations": {
      "type": "counter",
      "contains": "default",
      "values": {
        "count": 31119,
        "rate": 78.82234855025659
      }
    },
    "vus_max": {
      "type": "gauge",
      "contains": "default",
      "values": {
        "value": 3000,
        "min": 3000,
        "max": 3000
      }
    },
    "http_req_duration": {
      "type": "trend",
      "contains": "time",
      "values": {
        "max": 60017.5159,
        "p(90)": 27479.285699999986,
        "p(95)": 43871.21763999999,
        "avg": 6877.075577085378,
        "min": 0,
        "med": 0
      },
      "thresholds": {
        "p(95)<10000": {
          "ok": false
        }
      }
    },
    "http_req_connecting": {
      "type": "trend",
      "contains": "time",
      "values": {
        "max": 19493.6268,
        "p(90)": 280.61195999999984,
        "p(95)": 3249.12356,
        "avg": 578.133825246523,
        "min": 0,
        "med": 0
      }
    },
    "http_req_duration{expected_response:true}": {
      "type": "trend",
      "contains": "time",
      "values": {
        "max": 59830.6201,
        "p(90)": 33575.729810000004,
        "p(95)": 42744.162959999994,
        "avg": 11628.912048137901,
        "min": 211.0932,
        "med": 4878.63685
      }
    }
  },
  "root_group": {
    "name": "",
    "path": "",
    "id": "d41d8cd98f00b204e9800998ecf8427e",
    "groups": [],
    "checks": [
        {
          "id": "5bf9cd1e387741ed8e40bbdbca9b6c92",
          "passes": 12298,
          "fails": 18835,
          "name": "status 2xx",
          "path": "::status 2xx"
        }
      ]
  },
  "options": {
    "summaryTrendStats": [
      "avg",
      "min",
      "med",
      "max",
      "p(90)",
      "p(95)"
    ],
    "summaryTimeUnit": "",
    "noColor": false
  },
  "state": {
    "isStdOutTTY": true,
    "isStdErrTTY": true,
    "testRunDurationMs": 394799.1981
  }
}